[2026-03-05T08:15:32.094+0000] {manager.py:470} INFO - Processing files using up to 2 processes at a time 
[2026-03-05T08:15:32.096+0000] {manager.py:471} INFO - Process each file at most once every 30 seconds
[2026-03-05T08:15:32.097+0000] {manager.py:472} INFO - Checking for new files in /opt/airflow/dags every 300 seconds
[2026-03-05T08:15:32.098+0000] {manager.py:737} INFO - Searching for files in /opt/airflow/dags
[2026-03-05T08:15:32.133+0000] {manager.py:740} INFO - There are 1 files in /opt/airflow/dags
[2026-03-05T08:15:32.448+0000] {manager.py:878} INFO - 
================================================================================
DAG File Processing Stats

File Path                               PID  Runtime      # DAGs    # Errors  Last Runtime    Last Run
------------------------------------  -----  ---------  --------  ----------  --------------  ----------
/opt/airflow/dags/retail_pipeline.py    220  0.14s             0           0
================================================================================
[2026-03-05T08:16:02.791+0000] {manager.py:878} INFO - 
================================================================================
DAG File Processing Stats

File Path                             PID    Runtime      # DAGs    # Errors  Last Runtime    Last Run
------------------------------------  -----  ---------  --------  ----------  --------------  -------------------
/opt/airflow/dags/retail_pipeline.py                           1           0  4.19s           2026-03-05T08:15:36
================================================================================
[2026-03-05T08:16:32.973+0000] {manager.py:878} INFO - 
================================================================================
DAG File Processing Stats

File Path                             PID    Runtime      # DAGs    # Errors  Last Runtime    Last Run
------------------------------------  -----  ---------  --------  ----------  --------------  -------------------
/opt/airflow/dags/retail_pipeline.py                           1           0  3.18s           2026-03-05T08:16:10
================================================================================
[2026-03-05T08:17:03.242+0000] {manager.py:878} INFO - 
================================================================================
DAG File Processing Stats

File Path                             PID    Runtime      # DAGs    # Errors  Last Runtime    Last Run
------------------------------------  -----  ---------  --------  ----------  --------------  -------------------
/opt/airflow/dags/retail_pipeline.py                           1           0  2.39s           2026-03-05T08:16:42
================================================================================
[2026-03-05T08:17:33.647+0000] {manager.py:878} INFO - 
================================================================================
DAG File Processing Stats

File Path                             PID    Runtime      # DAGs    # Errors  Last Runtime    Last Run
------------------------------------  -----  ---------  --------  ----------  --------------  -------------------
/opt/airflow/dags/retail_pipeline.py                           1           0  2.30s           2026-03-05T08:17:14
================================================================================
[2026-03-05T08:18:04.102+0000] {manager.py:878} INFO - 
================================================================================
DAG File Processing Stats

File Path                             PID    Runtime      # DAGs    # Errors  Last Runtime    Last Run
------------------------------------  -----  ---------  --------  ----------  --------------  -------------------
/opt/airflow/dags/retail_pipeline.py                           1           0  4.24s           2026-03-05T08:17:49
================================================================================
[2026-03-05T08:18:34.447+0000] {manager.py:878} INFO - 
================================================================================
DAG File Processing Stats

File Path                             PID    Runtime      # DAGs    # Errors  Last Runtime    Last Run
------------------------------------  -----  ---------  --------  ----------  --------------  -------------------
/opt/airflow/dags/retail_pipeline.py                           1           0  2.35s           2026-03-05T08:18:21
================================================================================
[2026-03-05T08:19:04.916+0000] {manager.py:878} INFO - 
================================================================================
DAG File Processing Stats

File Path                             PID    Runtime      # DAGs    # Errors  Last Runtime    Last Run
------------------------------------  -----  ---------  --------  ----------  --------------  -------------------
/opt/airflow/dags/retail_pipeline.py                           1           0  2.27s           2026-03-05T08:18:54
================================================================================
[2026-03-05T08:19:35.342+0000] {manager.py:878} INFO - 
================================================================================
DAG File Processing Stats

File Path                             PID    Runtime      # DAGs    # Errors  Last Runtime    Last Run
------------------------------------  -----  ---------  --------  ----------  --------------  -------------------
/opt/airflow/dags/retail_pipeline.py                           1           0  2.27s           2026-03-05T08:19:26
================================================================================
[2026-03-05T08:20:05.692+0000] {manager.py:878} INFO - 
================================================================================
DAG File Processing Stats

File Path                             PID    Runtime      # DAGs    # Errors  Last Runtime    Last Run
------------------------------------  -----  ---------  --------  ----------  --------------  -------------------
/opt/airflow/dags/retail_pipeline.py                           1           0  2.25s           2026-03-05T08:19:58
================================================================================
[2026-03-05T08:20:32.340+0000] {manager.py:737} INFO - Searching for files in /opt/airflow/dags
[2026-03-05T08:20:32.362+0000] {manager.py:740} INFO - There are 1 files in /opt/airflow/dags
[2026-03-05T08:20:36.054+0000] {manager.py:878} INFO - 
================================================================================
DAG File Processing Stats

File Path                             PID    Runtime      # DAGs    # Errors  Last Runtime    Last Run
------------------------------------  -----  ---------  --------  ----------  --------------  -------------------
/opt/airflow/dags/retail_pipeline.py                           1           0  2.31s           2026-03-05T08:20:31
================================================================================
[2026-03-05T08:21:06.536+0000] {manager.py:878} INFO - 
================================================================================
DAG File Processing Stats

File Path                             PID    Runtime      # DAGs    # Errors  Last Runtime    Last Run
------------------------------------  -----  ---------  --------  ----------  --------------  -------------------
/opt/airflow/dags/retail_pipeline.py                           1           0  2.37s           2026-03-05T08:21:03
================================================================================
[2026-03-05T08:21:37.083+0000] {manager.py:878} INFO - 
================================================================================
DAG File Processing Stats

File Path                             PID    Runtime      # DAGs    # Errors  Last Runtime    Last Run
------------------------------------  -----  ---------  --------  ----------  --------------  -------------------
/opt/airflow/dags/retail_pipeline.py                           1           0  2.34s           2026-03-05T08:21:36
================================================================================
[2026-03-05T08:22:07.257+0000] {manager.py:878} INFO - 
================================================================================
DAG File Processing Stats

File Path                               PID  Runtime      # DAGs    # Errors  Last Runtime    Last Run
------------------------------------  -----  ---------  --------  ----------  --------------  -------------------
/opt/airflow/dags/retail_pipeline.py    308  0.73s             1           0  2.34s           2026-03-05T08:21:36
================================================================================
[2026-03-05T08:22:37.415+0000] {manager.py:878} INFO - 
================================================================================
DAG File Processing Stats

File Path                             PID    Runtime      # DAGs    # Errors  Last Runtime    Last Run
------------------------------------  -----  ---------  --------  ----------  --------------  -------------------
/opt/airflow/dags/retail_pipeline.py                           1           0  3.88s           2026-03-05T08:22:10
================================================================================
[2026-03-05T08:23:07.669+0000] {manager.py:878} INFO - 
================================================================================
DAG File Processing Stats

File Path                             PID    Runtime      # DAGs    # Errors  Last Runtime    Last Run
------------------------------------  -----  ---------  --------  ----------  --------------  -------------------
/opt/airflow/dags/retail_pipeline.py                           1           0  2.16s           2026-03-05T08:22:42
================================================================================
[2026-03-05T08:23:37.830+0000] {manager.py:878} INFO - 
================================================================================
DAG File Processing Stats

File Path                             PID    Runtime      # DAGs    # Errors  Last Runtime    Last Run
------------------------------------  -----  ---------  --------  ----------  --------------  -------------------
/opt/airflow/dags/retail_pipeline.py                           1           0  2.22s           2026-03-05T08:23:14
================================================================================
[2026-03-05T08:24:08.487+0000] {manager.py:878} INFO - 
================================================================================
DAG File Processing Stats

File Path                             PID    Runtime      # DAGs    # Errors  Last Runtime    Last Run
------------------------------------  -----  ---------  --------  ----------  --------------  -------------------
/opt/airflow/dags/retail_pipeline.py                           1           0  2.30s           2026-03-05T08:23:47
================================================================================
[2026-03-05T08:24:39.135+0000] {manager.py:878} INFO - 
================================================================================
DAG File Processing Stats

File Path                             PID    Runtime      # DAGs    # Errors  Last Runtime    Last Run
------------------------------------  -----  ---------  --------  ----------  --------------  -------------------
/opt/airflow/dags/retail_pipeline.py                           1           0  6.40s           2026-03-05T08:24:24
================================================================================
[2026-03-05T08:25:09.668+0000] {manager.py:878} INFO - 
================================================================================
DAG File Processing Stats

File Path                               PID  Runtime      # DAGs    # Errors  Last Runtime    Last Run
------------------------------------  -----  ---------  --------  ----------  --------------  -------------------
/opt/airflow/dags/retail_pipeline.py    352  15.32s            1           0  6.40s           2026-03-05T08:24:24
================================================================================
[2026-03-05T08:25:32.923+0000] {manager.py:737} INFO - Searching for files in /opt/airflow/dags
[2026-03-05T08:25:32.991+0000] {manager.py:740} INFO - There are 1 files in /opt/airflow/dags
[2026-03-05T08:25:40.105+0000] {manager.py:878} INFO - 
================================================================================
DAG File Processing Stats

File Path                             PID    Runtime      # DAGs    # Errors  Last Runtime    Last Run
------------------------------------  -----  ---------  --------  ----------  --------------  -------------------
/opt/airflow/dags/retail_pipeline.py                           1           0  17.78s          2026-03-05T08:25:12
================================================================================
[2026-03-05T08:26:10.426+0000] {manager.py:878} INFO - 
================================================================================
DAG File Processing Stats

File Path                             PID    Runtime      # DAGs    # Errors  Last Runtime    Last Run
------------------------------------  -----  ---------  --------  ----------  --------------  -------------------
/opt/airflow/dags/retail_pipeline.py                           1           0  9.15s           2026-03-05T08:25:51
================================================================================
[2026-03-05T08:26:40.760+0000] {manager.py:878} INFO - 
================================================================================
DAG File Processing Stats

File Path                             PID    Runtime      # DAGs    # Errors  Last Runtime    Last Run
------------------------------------  -----  ---------  --------  ----------  --------------  -------------------
/opt/airflow/dags/retail_pipeline.py                           1           0  7.71s           2026-03-05T08:26:29
================================================================================
[2026-03-05T08:27:11.198+0000] {manager.py:878} INFO - 
================================================================================
DAG File Processing Stats

File Path                             PID    Runtime      # DAGs    # Errors  Last Runtime    Last Run
------------------------------------  -----  ---------  --------  ----------  --------------  -------------------
/opt/airflow/dags/retail_pipeline.py                           1           0  5.91s           2026-03-05T08:27:05
================================================================================
[2026-03-05T08:27:41.480+0000] {manager.py:878} INFO - 
================================================================================
DAG File Processing Stats

File Path                             PID    Runtime      # DAGs    # Errors  Last Runtime    Last Run
------------------------------------  -----  ---------  --------  ----------  --------------  -------------------
/opt/airflow/dags/retail_pipeline.py                           1           0  5.66s           2026-03-05T08:27:41
================================================================================
[2026-03-05T08:28:11.802+0000] {manager.py:878} INFO - 
================================================================================
DAG File Processing Stats

File Path                               PID  Runtime      # DAGs    # Errors  Last Runtime    Last Run
------------------------------------  -----  ---------  --------  ----------  --------------  -------------------
/opt/airflow/dags/retail_pipeline.py    415  0.01s             1           0  5.66s           2026-03-05T08:27:41
================================================================================
[2026-03-05T08:28:42.380+0000] {manager.py:878} INFO - 
================================================================================
DAG File Processing Stats

File Path                             PID    Runtime      # DAGs    # Errors  Last Runtime    Last Run
------------------------------------  -----  ---------  --------  ----------  --------------  -------------------
/opt/airflow/dags/retail_pipeline.py                           1           0  5.50s           2026-03-05T08:28:17
================================================================================
[2026-03-05T08:29:12.836+0000] {manager.py:878} INFO - 
================================================================================
DAG File Processing Stats

File Path                             PID    Runtime      # DAGs    # Errors  Last Runtime    Last Run
------------------------------------  -----  ---------  --------  ----------  --------------  -------------------
/opt/airflow/dags/retail_pipeline.py                           1           0  5.71s           2026-03-05T08:28:53
================================================================================
[2026-03-05T08:29:43.014+0000] {manager.py:878} INFO - 
================================================================================
DAG File Processing Stats

File Path                             PID    Runtime      # DAGs    # Errors  Last Runtime    Last Run
------------------------------------  -----  ---------  --------  ----------  --------------  -------------------
/opt/airflow/dags/retail_pipeline.py                           1           0  5.46s           2026-03-05T08:29:28
================================================================================
[2026-03-05T08:30:13.300+0000] {manager.py:878} INFO - 
================================================================================
DAG File Processing Stats

File Path                             PID    Runtime      # DAGs    # Errors  Last Runtime    Last Run
------------------------------------  -----  ---------  --------  ----------  --------------  -------------------
/opt/airflow/dags/retail_pipeline.py                           1           0  6.30s           2026-03-05T08:30:05
================================================================================
[2026-03-05T08:30:33.474+0000] {manager.py:737} INFO - Searching for files in /opt/airflow/dags
[2026-03-05T08:30:33.532+0000] {manager.py:740} INFO - There are 1 files in /opt/airflow/dags
[2026-03-05T08:30:43.788+0000] {manager.py:878} INFO - 
================================================================================
DAG File Processing Stats

File Path                             PID    Runtime      # DAGs    # Errors  Last Runtime    Last Run
------------------------------------  -----  ---------  --------  ----------  --------------  -------------------
/opt/airflow/dags/retail_pipeline.py                           1           0  5.60s           2026-03-05T08:30:41
================================================================================
[2026-03-05T08:31:14.054+0000] {manager.py:878} INFO - 
================================================================================
DAG File Processing Stats

File Path                               PID  Runtime      # DAGs    # Errors  Last Runtime    Last Run
------------------------------------  -----  ---------  --------  ----------  --------------  -------------------
/opt/airflow/dags/retail_pipeline.py    450  2.59s             1           0  5.60s           2026-03-05T08:30:41
================================================================================
[2026-03-05T08:31:44.322+0000] {manager.py:878} INFO - 
================================================================================
DAG File Processing Stats

File Path                             PID    Runtime      # DAGs    # Errors  Last Runtime    Last Run
------------------------------------  -----  ---------  --------  ----------  --------------  -------------------
/opt/airflow/dags/retail_pipeline.py                           1           0  5.68s           2026-03-05T08:31:17
================================================================================
[2026-03-05T08:32:14.611+0000] {manager.py:878} INFO - 
================================================================================
DAG File Processing Stats

File Path                             PID    Runtime      # DAGs    # Errors  Last Runtime    Last Run
------------------------------------  -----  ---------  --------  ----------  --------------  -------------------
/opt/airflow/dags/retail_pipeline.py                           1           0  5.54s           2026-03-05T08:31:52
================================================================================
[2026-03-05T08:32:44.912+0000] {manager.py:878} INFO - 
================================================================================
DAG File Processing Stats

File Path                             PID    Runtime      # DAGs    # Errors  Last Runtime    Last Run
------------------------------------  -----  ---------  --------  ----------  --------------  -------------------
/opt/airflow/dags/retail_pipeline.py                           1           0  5.76s           2026-03-05T08:32:28
================================================================================
[2026-03-05T08:33:14.930+0000] {manager.py:878} INFO - 
================================================================================
DAG File Processing Stats

File Path                             PID    Runtime      # DAGs    # Errors  Last Runtime    Last Run
------------------------------------  -----  ---------  --------  ----------  --------------  -------------------
/opt/airflow/dags/retail_pipeline.py                           1           0  5.76s           2026-03-05T08:33:04
================================================================================
[2026-03-05T08:33:45.567+0000] {manager.py:878} INFO - 
================================================================================
DAG File Processing Stats

File Path                             PID    Runtime      # DAGs    # Errors  Last Runtime    Last Run
------------------------------------  -----  ---------  --------  ----------  --------------  -------------------
/opt/airflow/dags/retail_pipeline.py                           1           0  5.75s           2026-03-05T08:33:40
================================================================================
[2026-03-05T08:34:15.830+0000] {manager.py:878} INFO - 
================================================================================
DAG File Processing Stats

File Path                               PID  Runtime      # DAGs    # Errors  Last Runtime    Last Run
------------------------------------  -----  ---------  --------  ----------  --------------  -------------------
/opt/airflow/dags/retail_pipeline.py    501  4.62s             1           0  5.75s           2026-03-05T08:33:40
================================================================================
[2026-03-05T08:34:46.011+0000] {manager.py:878} INFO - 
================================================================================
DAG File Processing Stats

File Path                             PID    Runtime      # DAGs    # Errors  Last Runtime    Last Run
------------------------------------  -----  ---------  --------  ----------  --------------  -------------------
/opt/airflow/dags/retail_pipeline.py                           1           0  5.60s           2026-03-05T08:34:16
================================================================================
[2026-03-05T08:35:16.329+0000] {manager.py:878} INFO - 
================================================================================
DAG File Processing Stats

File Path                             PID    Runtime      # DAGs    # Errors  Last Runtime    Last Run
------------------------------------  -----  ---------  --------  ----------  --------------  -------------------
/opt/airflow/dags/retail_pipeline.py                           1           0  8.05s           2026-03-05T08:34:55
================================================================================
[2026-03-05T08:35:33.510+0000] {manager.py:737} INFO - Searching for files in /opt/airflow/dags
[2026-03-05T08:35:33.595+0000] {manager.py:740} INFO - There are 1 files in /opt/airflow/dags
[2026-03-05T08:35:46.756+0000] {manager.py:878} INFO - 
================================================================================
DAG File Processing Stats

File Path                             PID    Runtime      # DAGs    # Errors  Last Runtime    Last Run
------------------------------------  -----  ---------  --------  ----------  --------------  -------------------
/opt/airflow/dags/retail_pipeline.py                           1           0  9.33s           2026-03-05T08:35:34
================================================================================
[2026-03-05T08:36:17.128+0000] {manager.py:878} INFO - 
================================================================================
DAG File Processing Stats

File Path                             PID    Runtime      # DAGs    # Errors  Last Runtime    Last Run
------------------------------------  -----  ---------  --------  ----------  --------------  -------------------
/opt/airflow/dags/retail_pipeline.py                           1           0  5.52s           2026-03-05T08:36:10
================================================================================
[2026-03-05T08:36:47.348+0000] {manager.py:878} INFO - 
================================================================================
DAG File Processing Stats

File Path                             PID    Runtime      # DAGs    # Errors  Last Runtime    Last Run
------------------------------------  -----  ---------  --------  ----------  --------------  -------------------
/opt/airflow/dags/retail_pipeline.py                           1           0  5.68s           2026-03-05T08:36:46
================================================================================
[2026-03-05T08:37:17.697+0000] {manager.py:878} INFO - 
================================================================================
DAG File Processing Stats

File Path                               PID  Runtime      # DAGs    # Errors  Last Runtime    Last Run
------------------------------------  -----  ---------  --------  ----------  --------------  -------------------
/opt/airflow/dags/retail_pipeline.py    607  1.02s             1           0  5.68s           2026-03-05T08:36:46
================================================================================
[2026-03-05T08:37:47.994+0000] {manager.py:878} INFO - 
================================================================================
DAG File Processing Stats

File Path                             PID    Runtime      # DAGs    # Errors  Last Runtime    Last Run
------------------------------------  -----  ---------  --------  ----------  --------------  -------------------
/opt/airflow/dags/retail_pipeline.py                           1           0  5.41s           2026-03-05T08:37:22
================================================================================
[2026-03-05T08:38:18.143+0000] {manager.py:878} INFO - 
================================================================================
DAG File Processing Stats

File Path                             PID    Runtime      # DAGs    # Errors  Last Runtime    Last Run
------------------------------------  -----  ---------  --------  ----------  --------------  -------------------
/opt/airflow/dags/retail_pipeline.py                           1           0  5.60s           2026-03-05T08:37:57
================================================================================
[2026-03-05T08:38:48.866+0000] {manager.py:878} INFO - 
================================================================================
DAG File Processing Stats

File Path                             PID    Runtime      # DAGs    # Errors  Last Runtime    Last Run
------------------------------------  -----  ---------  --------  ----------  --------------  -------------------
/opt/airflow/dags/retail_pipeline.py                           1           0  5.58s           2026-03-05T08:38:33
================================================================================
[2026-03-05T08:39:19.215+0000] {manager.py:878} INFO - 
================================================================================
DAG File Processing Stats

File Path                             PID    Runtime      # DAGs    # Errors  Last Runtime    Last Run
------------------------------------  -----  ---------  --------  ----------  --------------  -------------------
/opt/airflow/dags/retail_pipeline.py                           1           0  5.70s           2026-03-05T08:39:09
================================================================================
[2026-03-05T08:39:49.497+0000] {manager.py:878} INFO - 
================================================================================
DAG File Processing Stats

File Path                             PID    Runtime      # DAGs    # Errors  Last Runtime    Last Run
------------------------------------  -----  ---------  --------  ----------  --------------  -------------------
/opt/airflow/dags/retail_pipeline.py                           1           0  5.47s           2026-03-05T08:39:45
================================================================================
[2026-03-05T08:40:19.808+0000] {manager.py:878} INFO - 
================================================================================
DAG File Processing Stats

File Path                               PID  Runtime      # DAGs    # Errors  Last Runtime    Last Run
------------------------------------  -----  ---------  --------  ----------  --------------  -------------------
/opt/airflow/dags/retail_pipeline.py    677  4.05s             1           0  5.47s           2026-03-05T08:39:45
================================================================================
[2026-03-05T08:40:33.876+0000] {manager.py:737} INFO - Searching for files in /opt/airflow/dags
[2026-03-05T08:40:33.935+0000] {manager.py:740} INFO - There are 1 files in /opt/airflow/dags
[2026-03-05T08:40:50.109+0000] {manager.py:878} INFO - 
================================================================================
DAG File Processing Stats

File Path                             PID    Runtime      # DAGs    # Errors  Last Runtime    Last Run
------------------------------------  -----  ---------  --------  ----------  --------------  -------------------
/opt/airflow/dags/retail_pipeline.py                           1           0  6.01s           2026-03-05T08:40:21
================================================================================
[2026-03-05T08:41:20.274+0000] {manager.py:878} INFO - 
================================================================================
DAG File Processing Stats

File Path                             PID    Runtime      # DAGs    # Errors  Last Runtime    Last Run
------------------------------------  -----  ---------  --------  ----------  --------------  -------------------
/opt/airflow/dags/retail_pipeline.py                           1           0  5.94s           2026-03-05T08:40:58
================================================================================
[2026-03-05T08:41:50.651+0000] {manager.py:878} INFO - 
================================================================================
DAG File Processing Stats

File Path                             PID    Runtime      # DAGs    # Errors  Last Runtime    Last Run
------------------------------------  -----  ---------  --------  ----------  --------------  -------------------
/opt/airflow/dags/retail_pipeline.py                           1           0  5.72s           2026-03-05T08:41:34
================================================================================
[2026-03-05T08:42:20.939+0000] {manager.py:878} INFO - 
================================================================================
DAG File Processing Stats

File Path                             PID    Runtime      # DAGs    # Errors  Last Runtime    Last Run
------------------------------------  -----  ---------  --------  ----------  --------------  -------------------
/opt/airflow/dags/retail_pipeline.py                           1           0  5.78s           2026-03-05T08:42:10
================================================================================
[2026-03-05T08:42:51.062+0000] {manager.py:878} INFO - 
================================================================================
DAG File Processing Stats

File Path                             PID    Runtime      # DAGs    # Errors  Last Runtime    Last Run
------------------------------------  -----  ---------  --------  ----------  --------------  -------------------
/opt/airflow/dags/retail_pipeline.py                           1           0  5.62s           2026-03-05T08:42:46
================================================================================
[2026-03-05T08:43:21.342+0000] {manager.py:878} INFO - 
================================================================================
DAG File Processing Stats

File Path                               PID  Runtime      # DAGs    # Errors  Last Runtime    Last Run
------------------------------------  -----  ---------  --------  ----------  --------------  -------------------
/opt/airflow/dags/retail_pipeline.py    712  5.05s             1           0  5.62s           2026-03-05T08:42:46
================================================================================
[2026-03-05T08:43:52.098+0000] {manager.py:878} INFO - 
================================================================================
DAG File Processing Stats

File Path                               PID  Runtime      # DAGs    # Errors  Last Runtime    Last Run
------------------------------------  -----  ---------  --------  ----------  --------------  -------------------
/opt/airflow/dags/retail_pipeline.py    719  0.05s             1           0  5.52s           2026-03-05T08:43:21
================================================================================
[2026-03-05T08:44:22.359+0000] {manager.py:878} INFO - 
================================================================================
DAG File Processing Stats

File Path                             PID    Runtime      # DAGs    # Errors  Last Runtime    Last Run
------------------------------------  -----  ---------  --------  ----------  --------------  -------------------
/opt/airflow/dags/retail_pipeline.py                           1           0  5.46s           2026-03-05T08:43:57
================================================================================
[2026-03-05T08:44:52.514+0000] {manager.py:878} INFO - 
================================================================================
DAG File Processing Stats

File Path                             PID    Runtime      # DAGs    # Errors  Last Runtime    Last Run
------------------------------------  -----  ---------  --------  ----------  --------------  -------------------
/opt/airflow/dags/retail_pipeline.py                           1           0  5.57s           2026-03-05T08:44:33
================================================================================
[2026-03-05T08:45:23.228+0000] {manager.py:878} INFO - 
================================================================================
DAG File Processing Stats

File Path                             PID    Runtime      # DAGs    # Errors  Last Runtime    Last Run
------------------------------------  -----  ---------  --------  ----------  --------------  -------------------
/opt/airflow/dags/retail_pipeline.py                           1           0  5.69s           2026-03-05T08:45:09
================================================================================
[2026-03-05T08:45:34.334+0000] {manager.py:737} INFO - Searching for files in /opt/airflow/dags
[2026-03-05T08:45:34.392+0000] {manager.py:740} INFO - There are 1 files in /opt/airflow/dags
[2026-03-05T08:45:53.701+0000] {manager.py:878} INFO - 
================================================================================
DAG File Processing Stats

File Path                             PID    Runtime      # DAGs    # Errors  Last Runtime    Last Run
------------------------------------  -----  ---------  --------  ----------  --------------  -------------------
/opt/airflow/dags/retail_pipeline.py                           1           0  5.57s           2026-03-05T08:45:45
================================================================================
[2026-03-05T08:46:23.787+0000] {manager.py:878} INFO - 
================================================================================
DAG File Processing Stats

File Path                             PID    Runtime      # DAGs    # Errors  Last Runtime    Last Run
------------------------------------  -----  ---------  --------  ----------  --------------  -------------------
/opt/airflow/dags/retail_pipeline.py                           1           0  5.42s           2026-03-05T08:46:20
================================================================================
[2026-03-05T08:46:54.060+0000] {manager.py:878} INFO - 
================================================================================
DAG File Processing Stats

File Path                               PID  Runtime      # DAGs    # Errors  Last Runtime    Last Run
------------------------------------  -----  ---------  --------  ----------  --------------  -------------------
/opt/airflow/dags/retail_pipeline.py    754  3.04s             1           0  5.42s           2026-03-05T08:46:20
================================================================================
[2026-03-05T08:47:24.302+0000] {manager.py:878} INFO - 
================================================================================
DAG File Processing Stats

File Path                             PID    Runtime      # DAGs    # Errors  Last Runtime    Last Run
------------------------------------  -----  ---------  --------  ----------  --------------  -------------------
/opt/airflow/dags/retail_pipeline.py                           1           0  5.60s           2026-03-05T08:46:56
================================================================================
[2026-03-05T08:47:54.547+0000] {manager.py:878} INFO - 
================================================================================
DAG File Processing Stats

File Path                             PID    Runtime      # DAGs    # Errors  Last Runtime    Last Run
------------------------------------  -----  ---------  --------  ----------  --------------  -------------------
/opt/airflow/dags/retail_pipeline.py                           1           0  5.48s           2026-03-05T08:47:32
================================================================================
[2026-03-05T08:48:24.827+0000] {manager.py:878} INFO - 
================================================================================
DAG File Processing Stats

File Path                             PID    Runtime      # DAGs    # Errors  Last Runtime    Last Run
------------------------------------  -----  ---------  --------  ----------  --------------  -------------------
/opt/airflow/dags/retail_pipeline.py                           1           0  5.42s           2026-03-05T08:48:08
================================================================================
[2026-03-05T08:48:54.841+0000] {manager.py:878} INFO - 
================================================================================
DAG File Processing Stats

File Path                             PID    Runtime      # DAGs    # Errors  Last Runtime    Last Run
------------------------------------  -----  ---------  --------  ----------  --------------  -------------------
/opt/airflow/dags/retail_pipeline.py                           1           0  5.44s           2026-03-05T08:48:43
================================================================================
[2026-03-05T08:49:25.111+0000] {manager.py:878} INFO - 
================================================================================
DAG File Processing Stats

File Path                             PID    Runtime      # DAGs    # Errors  Last Runtime    Last Run
------------------------------------  -----  ---------  --------  ----------  --------------  -------------------
/opt/airflow/dags/retail_pipeline.py                           1           0  5.57s           2026-03-05T08:49:19
================================================================================
[2026-03-05T08:49:55.362+0000] {manager.py:878} INFO - 
================================================================================
DAG File Processing Stats

File Path                               PID  Runtime      # DAGs    # Errors  Last Runtime    Last Run
------------------------------------  -----  ---------  --------  ----------  --------------  -------------------
/opt/airflow/dags/retail_pipeline.py    789  5.49s             1           0  5.57s           2026-03-05T08:49:19
================================================================================
[2026-03-05T08:50:25.671+0000] {manager.py:878} INFO - 
================================================================================
DAG File Processing Stats

File Path                               PID  Runtime      # DAGs    # Errors  Last Runtime    Last Run
------------------------------------  -----  ---------  --------  ----------  --------------  -------------------
/opt/airflow/dags/retail_pipeline.py    796  0.01s             1           0  5.50s           2026-03-05T08:49:55
================================================================================
[2026-03-05T08:50:34.760+0000] {manager.py:737} INFO - Searching for files in /opt/airflow/dags
[2026-03-05T08:50:34.816+0000] {manager.py:740} INFO - There are 1 files in /opt/airflow/dags
[2026-03-05T08:50:56.021+0000] {manager.py:878} INFO - 
================================================================================
DAG File Processing Stats

File Path                             PID    Runtime      # DAGs    # Errors  Last Runtime    Last Run
------------------------------------  -----  ---------  --------  ----------  --------------  -------------------
/opt/airflow/dags/retail_pipeline.py                           1           0  5.56s           2026-03-05T08:50:31
================================================================================
[2026-03-05T08:51:26.284+0000] {manager.py:878} INFO - 
================================================================================
DAG File Processing Stats

File Path                             PID    Runtime      # DAGs    # Errors  Last Runtime    Last Run
------------------------------------  -----  ---------  --------  ----------  --------------  -------------------
/opt/airflow/dags/retail_pipeline.py                           1           0  5.65s           2026-03-05T08:51:07
================================================================================
[2026-03-05T08:51:56.572+0000] {manager.py:878} INFO - 
================================================================================
DAG File Processing Stats

File Path                             PID    Runtime      # DAGs    # Errors  Last Runtime    Last Run
------------------------------------  -----  ---------  --------  ----------  --------------  -------------------
/opt/airflow/dags/retail_pipeline.py                           1           0  5.54s           2026-03-05T08:51:42
================================================================================
[2026-03-05T08:52:26.834+0000] {manager.py:878} INFO - 
================================================================================
DAG File Processing Stats

File Path                             PID    Runtime      # DAGs    # Errors  Last Runtime    Last Run
------------------------------------  -----  ---------  --------  ----------  --------------  -------------------
/opt/airflow/dags/retail_pipeline.py                           1           0  5.63s           2026-03-05T08:52:18
================================================================================
[2026-03-05T08:52:57.143+0000] {manager.py:878} INFO - 
================================================================================
DAG File Processing Stats

File Path                             PID    Runtime      # DAGs    # Errors  Last Runtime    Last Run
------------------------------------  -----  ---------  --------  ----------  --------------  -------------------
/opt/airflow/dags/retail_pipeline.py                           1           0  5.49s           2026-03-05T08:52:54
================================================================================
[2026-03-05T08:53:27.402+0000] {manager.py:878} INFO - 
================================================================================
DAG File Processing Stats

File Path                               PID  Runtime      # DAGs    # Errors  Last Runtime    Last Run
------------------------------------  -----  ---------  --------  ----------  --------------  -------------------
/opt/airflow/dags/retail_pipeline.py    831  2.60s             1           0  5.49s           2026-03-05T08:52:54
================================================================================
[2026-03-05T08:53:57.566+0000] {manager.py:878} INFO - 
================================================================================
DAG File Processing Stats

File Path                             PID    Runtime      # DAGs    # Errors  Last Runtime    Last Run
------------------------------------  -----  ---------  --------  ----------  --------------  -------------------
/opt/airflow/dags/retail_pipeline.py                           1           0  5.53s           2026-03-05T08:53:30
================================================================================
[2026-03-05T08:54:28.333+0000] {manager.py:878} INFO - 
================================================================================
DAG File Processing Stats

File Path                             PID    Runtime      # DAGs    # Errors  Last Runtime    Last Run
------------------------------------  -----  ---------  --------  ----------  --------------  -------------------
/opt/airflow/dags/retail_pipeline.py                           1           0  5.61s           2026-03-05T08:54:06
================================================================================
[2026-03-05T08:54:58.628+0000] {manager.py:878} INFO - 
================================================================================
DAG File Processing Stats

File Path                             PID    Runtime      # DAGs    # Errors  Last Runtime    Last Run
------------------------------------  -----  ---------  --------  ----------  --------------  -------------------
/opt/airflow/dags/retail_pipeline.py                           1           0  5.68s           2026-03-05T08:54:42
================================================================================
[2026-03-05T08:55:28.875+0000] {manager.py:878} INFO - 
================================================================================
DAG File Processing Stats

File Path                             PID    Runtime      # DAGs    # Errors  Last Runtime    Last Run
------------------------------------  -----  ---------  --------  ----------  --------------  -------------------
/opt/airflow/dags/retail_pipeline.py                           1           0  5.46s           2026-03-05T08:55:17
================================================================================
[2026-03-05T08:55:34.923+0000] {manager.py:737} INFO - Searching for files in /opt/airflow/dags
[2026-03-05T08:55:34.976+0000] {manager.py:740} INFO - There are 1 files in /opt/airflow/dags
[2026-03-05T08:55:59.252+0000] {manager.py:878} INFO - 
================================================================================
DAG File Processing Stats

File Path                             PID    Runtime      # DAGs    # Errors  Last Runtime    Last Run
------------------------------------  -----  ---------  --------  ----------  --------------  -------------------
/opt/airflow/dags/retail_pipeline.py                           1           0  5.51s           2026-03-05T08:55:53
================================================================================
[2026-03-05T08:56:29.496+0000] {manager.py:878} INFO - 
================================================================================
DAG File Processing Stats

File Path                               PID  Runtime      # DAGs    # Errors  Last Runtime    Last Run
------------------------------------  -----  ---------  --------  ----------  --------------  -------------------
/opt/airflow/dags/retail_pipeline.py    866  5.59s             1           0  5.51s           2026-03-05T08:55:53
================================================================================
[2026-03-05T08:56:59.796+0000] {manager.py:878} INFO - 
================================================================================
DAG File Processing Stats

File Path                               PID  Runtime      # DAGs    # Errors  Last Runtime    Last Run
------------------------------------  -----  ---------  --------  ----------  --------------  -------------------
/opt/airflow/dags/retail_pipeline.py    873  0.01s             1           0  5.61s           2026-03-05T08:56:29
================================================================================
[2026-03-05T08:57:30.051+0000] {manager.py:878} INFO - 
================================================================================
DAG File Processing Stats

File Path                             PID    Runtime      # DAGs    # Errors  Last Runtime    Last Run
------------------------------------  -----  ---------  --------  ----------  --------------  -------------------
/opt/airflow/dags/retail_pipeline.py                           1           0  5.44s           2026-03-05T08:57:05
================================================================================
[2026-03-05T08:58:00.194+0000] {manager.py:878} INFO - 
================================================================================
DAG File Processing Stats

File Path                             PID    Runtime      # DAGs    # Errors  Last Runtime    Last Run
------------------------------------  -----  ---------  --------  ----------  --------------  -------------------
/opt/airflow/dags/retail_pipeline.py                           1           0  5.54s           2026-03-05T08:57:41
================================================================================
[2026-03-05T08:58:30.467+0000] {manager.py:878} INFO - 
================================================================================
DAG File Processing Stats

File Path                             PID    Runtime      # DAGs    # Errors  Last Runtime    Last Run
------------------------------------  -----  ---------  --------  ----------  --------------  -------------------
/opt/airflow/dags/retail_pipeline.py                           1           0  5.36s           2026-03-05T08:58:16
================================================================================
[2026-03-05T08:59:01.030+0000] {manager.py:878} INFO - 
================================================================================
DAG File Processing Stats

File Path                             PID    Runtime      # DAGs    # Errors  Last Runtime    Last Run
------------------------------------  -----  ---------  --------  ----------  --------------  -------------------
/opt/airflow/dags/retail_pipeline.py                           1           0  5.42s           2026-03-05T08:58:52
================================================================================
[2026-03-05T08:59:31.158+0000] {manager.py:878} INFO - 
================================================================================
DAG File Processing Stats

File Path                             PID    Runtime      # DAGs    # Errors  Last Runtime    Last Run
------------------------------------  -----  ---------  --------  ----------  --------------  -------------------
/opt/airflow/dags/retail_pipeline.py                           1           0  5.53s           2026-03-05T08:59:28
================================================================================
[2026-03-05T09:00:01.433+0000] {manager.py:878} INFO - 
================================================================================
DAG File Processing Stats

File Path                               PID  Runtime      # DAGs    # Errors  Last Runtime    Last Run
------------------------------------  -----  ---------  --------  ----------  --------------  -------------------
/opt/airflow/dags/retail_pipeline.py    908  3.04s             1           0  5.53s           2026-03-05T08:59:28
================================================================================
[2026-03-05T09:00:31.683+0000] {manager.py:878} INFO - 
================================================================================
DAG File Processing Stats

File Path                             PID    Runtime      # DAGs    # Errors  Last Runtime    Last Run
------------------------------------  -----  ---------  --------  ----------  --------------  -------------------
/opt/airflow/dags/retail_pipeline.py                           1           0  5.55s           2026-03-05T09:00:03
================================================================================
[2026-03-05T09:00:35.226+0000] {manager.py:737} INFO - Searching for files in /opt/airflow/dags
[2026-03-05T09:00:35.284+0000] {manager.py:740} INFO - There are 1 files in /opt/airflow/dags
[2026-03-05T09:01:01.899+0000] {manager.py:878} INFO - 
================================================================================
DAG File Processing Stats

File Path                             PID    Runtime      # DAGs    # Errors  Last Runtime    Last Run
------------------------------------  -----  ---------  --------  ----------  --------------  -------------------
/opt/airflow/dags/retail_pipeline.py                           1           0  5.52s           2026-03-05T09:00:39
================================================================================
[2026-03-05T09:01:32.188+0000] {manager.py:878} INFO - 
================================================================================
DAG File Processing Stats

File Path                             PID    Runtime      # DAGs    # Errors  Last Runtime    Last Run
------------------------------------  -----  ---------  --------  ----------  --------------  -------------------
/opt/airflow/dags/retail_pipeline.py                           1           0  5.48s           2026-03-05T09:01:15
================================================================================
[2026-06-08T11:28:16.216+0000] {manager.py:470} INFO - Processing files using up to 2 processes at a time 
[2026-06-08T11:28:16.222+0000] {manager.py:471} INFO - Process each file at most once every 30 seconds
[2026-06-08T11:28:16.228+0000] {manager.py:472} INFO - Checking for new files in /opt/airflow/dags every 300 seconds
[2026-06-08T11:28:16.232+0000] {manager.py:737} INFO - Searching for files in /opt/airflow/dags
[2026-06-08T11:28:16.328+0000] {manager.py:740} INFO - There are 1 files in /opt/airflow/dags
[2026-06-08T11:28:16.955+0000] {manager.py:878} INFO - 
================================================================================
DAG File Processing Stats

File Path                               PID  Runtime      # DAGs    # Errors  Last Runtime    Last Run
------------------------------------  -----  ---------  --------  ----------  --------------  ----------
/opt/airflow/dags/retail_pipeline.py    218  0.30s             0           0
================================================================================
[2026-06-08T11:28:47.201+0000] {manager.py:878} INFO - 
================================================================================
DAG File Processing Stats

File Path                             PID    Runtime      # DAGs    # Errors  Last Runtime    Last Run
------------------------------------  -----  ---------  --------  ----------  --------------  -------------------
/opt/airflow/dags/retail_pipeline.py                           1           0  7.05s           2026-06-08T11:28:23
================================================================================
[2026-06-08T11:29:17.477+0000] {manager.py:878} INFO - 
================================================================================
DAG File Processing Stats

File Path                             PID    Runtime      # DAGs    # Errors  Last Runtime    Last Run
------------------------------------  -----  ---------  --------  ----------  --------------  -------------------
/opt/airflow/dags/retail_pipeline.py                           1           0  6.38s           2026-06-08T11:29:00
================================================================================
[2026-06-08T11:29:47.623+0000] {manager.py:878} INFO - 
================================================================================
DAG File Processing Stats

File Path                             PID    Runtime      # DAGs    # Errors  Last Runtime    Last Run
------------------------------------  -----  ---------  --------  ----------  --------------  -------------------
/opt/airflow/dags/retail_pipeline.py                           1           0  2.89s           2026-06-08T11:29:33
================================================================================
[2026-06-08T11:30:17.828+0000] {manager.py:878} INFO - 
================================================================================
DAG File Processing Stats

File Path                             PID    Runtime      # DAGs    # Errors  Last Runtime    Last Run
------------------------------------  -----  ---------  --------  ----------  --------------  -------------------
/opt/airflow/dags/retail_pipeline.py                           1           0  2.90s           2026-06-08T11:30:06
================================================================================
[2026-06-08T11:30:48.133+0000] {manager.py:878} INFO - 
================================================================================
DAG File Processing Stats

File Path                             PID    Runtime      # DAGs    # Errors  Last Runtime    Last Run
------------------------------------  -----  ---------  --------  ----------  --------------  -------------------
/opt/airflow/dags/retail_pipeline.py                           1           0  4.07s           2026-06-08T11:30:41
================================================================================
[2026-06-08T11:31:18.431+0000] {manager.py:878} INFO - 
================================================================================
DAG File Processing Stats

File Path                             PID    Runtime      # DAGs    # Errors  Last Runtime    Last Run
------------------------------------  -----  ---------  --------  ----------  --------------  -------------------
/opt/airflow/dags/retail_pipeline.py                           1           0  2.56s           2026-06-08T11:31:13
================================================================================
[2026-06-08T11:31:48.700+0000] {manager.py:878} INFO - 
================================================================================
DAG File Processing Stats

File Path                             PID    Runtime      # DAGs    # Errors  Last Runtime    Last Run
------------------------------------  -----  ---------  --------  ----------  --------------  -------------------
/opt/airflow/dags/retail_pipeline.py                           1           0  3.58s           2026-06-08T11:31:47
================================================================================
[2026-06-08T11:32:18.994+0000] {manager.py:878} INFO - 
================================================================================
DAG File Processing Stats

File Path                               PID  Runtime      # DAGs    # Errors  Last Runtime    Last Run
------------------------------------  -----  ---------  --------  ----------  --------------  -------------------
/opt/airflow/dags/retail_pipeline.py    267  1.01s             1           0  3.58s           2026-06-08T11:31:47
================================================================================
[2026-06-08T11:32:49.284+0000] {manager.py:878} INFO - 
================================================================================
DAG File Processing Stats

File Path                             PID    Runtime      # DAGs    # Errors  Last Runtime    Last Run
------------------------------------  -----  ---------  --------  ----------  --------------  -------------------
/opt/airflow/dags/retail_pipeline.py                           1           0  2.69s           2026-06-08T11:32:20
================================================================================
[2026-06-08T11:33:16.521+0000] {manager.py:737} INFO - Searching for files in /opt/airflow/dags
[2026-06-08T11:33:16.561+0000] {manager.py:740} INFO - There are 1 files in /opt/airflow/dags
[2026-06-08T11:33:19.629+0000] {manager.py:878} INFO - 
================================================================================
DAG File Processing Stats

File Path                             PID    Runtime      # DAGs    # Errors  Last Runtime    Last Run
------------------------------------  -----  ---------  --------  ----------  --------------  -------------------
/opt/airflow/dags/retail_pipeline.py                           1           0  2.39s           2026-06-08T11:32:53
================================================================================
[2026-06-08T11:33:49.921+0000] {manager.py:878} INFO - 
================================================================================
DAG File Processing Stats

File Path                             PID    Runtime      # DAGs    # Errors  Last Runtime    Last Run
------------------------------------  -----  ---------  --------  ----------  --------------  -------------------
/opt/airflow/dags/retail_pipeline.py                           1           0  2.29s           2026-06-08T11:33:25
================================================================================
[2026-06-08T11:34:20.509+0000] {manager.py:878} INFO - 
================================================================================
DAG File Processing Stats

File Path                             PID    Runtime      # DAGs    # Errors  Last Runtime    Last Run
------------------------------------  -----  ---------  --------  ----------  --------------  -------------------
/opt/airflow/dags/retail_pipeline.py                           1           0  2.34s           2026-06-08T11:33:58
================================================================================
[2026-06-08T11:34:50.663+0000] {manager.py:878} INFO - 
================================================================================
DAG File Processing Stats

File Path                             PID    Runtime      # DAGs    # Errors  Last Runtime    Last Run
------------------------------------  -----  ---------  --------  ----------  --------------  -------------------
/opt/airflow/dags/retail_pipeline.py                           1           0  2.90s           2026-06-08T11:34:31
================================================================================
[2026-06-08T11:35:21.021+0000] {manager.py:878} INFO - 
================================================================================
DAG File Processing Stats

File Path                             PID    Runtime      # DAGs    # Errors  Last Runtime    Last Run
------------------------------------  -----  ---------  --------  ----------  --------------  -------------------
/opt/airflow/dags/retail_pipeline.py                           1           0  2.46s           2026-06-08T11:35:04
================================================================================
[2026-06-08T11:35:51.268+0000] {manager.py:878} INFO - 
================================================================================
DAG File Processing Stats

File Path                             PID    Runtime      # DAGs    # Errors  Last Runtime    Last Run
------------------------------------  -----  ---------  --------  ----------  --------------  -------------------
/opt/airflow/dags/retail_pipeline.py                           1           0  10.64s          2026-06-08T11:35:45
================================================================================
[2026-06-08T11:36:21.679+0000] {manager.py:878} INFO - 
================================================================================
DAG File Processing Stats

File Path                               PID  Runtime      # DAGs    # Errors  Last Runtime    Last Run
------------------------------------  -----  ---------  --------  ----------  --------------  -------------------
/opt/airflow/dags/retail_pipeline.py    320  6.12s             1           0  10.64s          2026-06-08T11:35:45
================================================================================
[2026-06-08T11:36:51.963+0000] {manager.py:878} INFO - 
================================================================================
DAG File Processing Stats

File Path                             PID    Runtime      # DAGs    # Errors  Last Runtime    Last Run
------------------------------------  -----  ---------  --------  ----------  --------------  -------------------
/opt/airflow/dags/retail_pipeline.py                           1           0  9.68s           2026-06-08T11:36:25
================================================================================
[2026-06-08T11:37:22.244+0000] {manager.py:878} INFO - 
================================================================================
DAG File Processing Stats

File Path                             PID    Runtime      # DAGs    # Errors  Last Runtime    Last Run
------------------------------------  -----  ---------  --------  ----------  --------------  -------------------
/opt/airflow/dags/retail_pipeline.py                           1           0  5.00s           2026-06-08T11:37:00
================================================================================
[2026-06-08T11:37:52.601+0000] {manager.py:878} INFO - 
================================================================================
DAG File Processing Stats

File Path                             PID    Runtime      # DAGs    # Errors  Last Runtime    Last Run
------------------------------------  -----  ---------  --------  ----------  --------------  -------------------
/opt/airflow/dags/retail_pipeline.py                           1           0  7.86s           2026-06-08T11:37:38
================================================================================
[2026-06-08T11:38:16.943+0000] {manager.py:737} INFO - Searching for files in /opt/airflow/dags
[2026-06-08T11:38:16.989+0000] {manager.py:740} INFO - There are 1 files in /opt/airflow/dags
[2026-06-08T11:38:23.073+0000] {manager.py:878} INFO - 
================================================================================
DAG File Processing Stats

File Path                             PID    Runtime      # DAGs    # Errors  Last Runtime    Last Run
------------------------------------  -----  ---------  --------  ----------  --------------  -------------------
/opt/airflow/dags/retail_pipeline.py                           1           0  2.62s           2026-06-08T11:38:11
================================================================================
[2026-06-08T11:38:53.319+0000] {manager.py:878} INFO - 
================================================================================
DAG File Processing Stats

File Path                             PID    Runtime      # DAGs    # Errors  Last Runtime    Last Run
------------------------------------  -----  ---------  --------  ----------  --------------  -------------------
/opt/airflow/dags/retail_pipeline.py                           1           0  10.73s          2026-06-08T11:38:52
================================================================================
[2026-06-08T11:39:23.633+0000] {manager.py:878} INFO - 
================================================================================
DAG File Processing Stats

File Path                               PID  Runtime      # DAGs    # Errors  Last Runtime    Last Run
------------------------------------  -----  ---------  --------  ----------  --------------  -------------------
/opt/airflow/dags/retail_pipeline.py    359  1.01s             1           0  10.73s          2026-06-08T11:38:52
================================================================================
[2026-06-08T11:39:54.096+0000] {manager.py:878} INFO - 
================================================================================
DAG File Processing Stats

File Path                             PID    Runtime      # DAGs    # Errors  Last Runtime    Last Run
------------------------------------  -----  ---------  --------  ----------  --------------  -------------------
/opt/airflow/dags/retail_pipeline.py                           1           0  4.35s           2026-06-08T11:39:26
================================================================================
[2026-06-08T11:40:24.323+0000] {manager.py:878} INFO - 
================================================================================
DAG File Processing Stats

File Path                             PID    Runtime      # DAGs    # Errors  Last Runtime    Last Run
------------------------------------  -----  ---------  --------  ----------  --------------  -------------------
/opt/airflow/dags/retail_pipeline.py                           1           0  2.95s           2026-06-08T11:40:00
================================================================================
[2026-06-08T11:40:54.514+0000] {manager.py:878} INFO - 
================================================================================
DAG File Processing Stats

File Path                             PID    Runtime      # DAGs    # Errors  Last Runtime    Last Run
------------------------------------  -----  ---------  --------  ----------  --------------  -------------------
/opt/airflow/dags/retail_pipeline.py                           1           0  2.95s           2026-06-08T11:40:33
================================================================================
[2026-06-08T11:41:24.885+0000] {manager.py:878} INFO - 
================================================================================
DAG File Processing Stats

File Path                             PID    Runtime      # DAGs    # Errors  Last Runtime    Last Run
------------------------------------  -----  ---------  --------  ----------  --------------  -------------------
/opt/airflow/dags/retail_pipeline.py                           1           0  3.37s           2026-06-08T11:41:07
================================================================================
[2026-06-08T11:41:55.131+0000] {manager.py:878} INFO - 
================================================================================
DAG File Processing Stats

File Path                             PID    Runtime      # DAGs    # Errors  Last Runtime    Last Run
------------------------------------  -----  ---------  --------  ----------  --------------  -------------------
/opt/airflow/dags/retail_pipeline.py                           1           0  2.77s           2026-06-08T11:41:40
================================================================================
[2026-06-08T11:42:25.474+0000] {manager.py:878} INFO - 
================================================================================
DAG File Processing Stats

File Path                             PID    Runtime      # DAGs    # Errors  Last Runtime    Last Run
------------------------------------  -----  ---------  --------  ----------  --------------  -------------------
/opt/airflow/dags/retail_pipeline.py                           1           0  3.25s           2026-06-08T11:42:13
================================================================================
[2026-06-08T11:42:55.720+0000] {manager.py:878} INFO - 
================================================================================
DAG File Processing Stats

File Path                             PID    Runtime      # DAGs    # Errors  Last Runtime    Last Run
------------------------------------  -----  ---------  --------  ----------  --------------  -------------------
/opt/airflow/dags/retail_pipeline.py                           1           0  3.10s           2026-06-08T11:42:46
================================================================================
[2026-06-08T11:43:16.956+0000] {manager.py:737} INFO - Searching for files in /opt/airflow/dags
[2026-06-08T11:43:17.009+0000] {manager.py:740} INFO - There are 1 files in /opt/airflow/dags
[2026-06-08T11:43:25.885+0000] {manager.py:878} INFO - 
================================================================================
DAG File Processing Stats

File Path                             PID    Runtime      # DAGs    # Errors  Last Runtime    Last Run
------------------------------------  -----  ---------  --------  ----------  --------------  -------------------
/opt/airflow/dags/retail_pipeline.py                           1           0  2.89s           2026-06-08T11:43:19
================================================================================
[2026-06-08T11:43:34.408+0000] {manager.py:452} INFO - Exiting gracefully upon receiving signal 15
[2026-06-08T11:51:31.578+0000] {manager.py:470} INFO - Processing files using up to 2 processes at a time 
[2026-06-08T11:51:31.584+0000] {manager.py:471} INFO - Process each file at most once every 30 seconds
[2026-06-08T11:51:31.593+0000] {manager.py:472} INFO - Checking for new files in /opt/airflow/dags every 300 seconds
[2026-06-08T11:51:31.596+0000] {manager.py:737} INFO - Searching for files in /opt/airflow/dags
[2026-06-08T11:51:31.693+0000] {manager.py:740} INFO - There are 1 files in /opt/airflow/dags
[2026-06-08T11:51:32.516+0000] {manager.py:878} INFO - 
================================================================================
DAG File Processing Stats

File Path                               PID  Runtime      # DAGs    # Errors  Last Runtime    Last Run
------------------------------------  -----  ---------  --------  ----------  --------------  ----------
/opt/airflow/dags/retail_pipeline.py    219  0.39s             0           0
================================================================================
[2026-06-08T11:52:02.750+0000] {manager.py:878} INFO - 
================================================================================
DAG File Processing Stats

File Path                             PID    Runtime      # DAGs    # Errors  Last Runtime    Last Run
------------------------------------  -----  ---------  --------  ----------  --------------  -------------------
/opt/airflow/dags/retail_pipeline.py                           1           0  6.87s           2026-06-08T11:51:38
================================================================================
[2026-06-08T11:52:32.839+0000] {manager.py:878} INFO - 
================================================================================
DAG File Processing Stats

File Path                             PID    Runtime      # DAGs    # Errors  Last Runtime    Last Run
------------------------------------  -----  ---------  --------  ----------  --------------  -------------------
/opt/airflow/dags/retail_pipeline.py                           1           0  3.41s           2026-06-08T11:52:12
================================================================================
[2026-06-08T11:53:03.662+0000] {manager.py:878} INFO - 
================================================================================
DAG File Processing Stats

File Path                             PID    Runtime      # DAGs    # Errors  Last Runtime    Last Run
------------------------------------  -----  ---------  --------  ----------  --------------  -------------------
/opt/airflow/dags/retail_pipeline.py                           1           0  7.61s           2026-06-08T11:52:50
================================================================================
[2026-06-08T11:53:33.985+0000] {manager.py:878} INFO - 
================================================================================
DAG File Processing Stats

File Path                             PID    Runtime      # DAGs    # Errors  Last Runtime    Last Run
------------------------------------  -----  ---------  --------  ----------  --------------  -------------------
/opt/airflow/dags/retail_pipeline.py                           1           0  5.27s           2026-06-08T11:53:26
================================================================================
[2026-06-08T11:54:04.091+0000] {manager.py:878} INFO - 
================================================================================
DAG File Processing Stats

File Path                             PID    Runtime      # DAGs    # Errors  Last Runtime    Last Run
------------------------------------  -----  ---------  --------  ----------  --------------  -------------------
/opt/airflow/dags/retail_pipeline.py                           1           0  5.90s           2026-06-08T11:54:02
================================================================================
[2026-06-08T11:54:34.359+0000] {manager.py:878} INFO - 
================================================================================
DAG File Processing Stats

File Path                               PID  Runtime      # DAGs    # Errors  Last Runtime    Last Run
------------------------------------  -----  ---------  --------  ----------  --------------  -------------------
/opt/airflow/dags/retail_pipeline.py    273  2.03s             1           0  5.90s           2026-06-08T11:54:02
================================================================================
[2026-06-08T11:55:04.613+0000] {manager.py:878} INFO - 
================================================================================
DAG File Processing Stats

File Path                             PID    Runtime      # DAGs    # Errors  Last Runtime    Last Run
------------------------------------  -----  ---------  --------  ----------  --------------  -------------------
/opt/airflow/dags/retail_pipeline.py                           1           0  3.15s           2026-06-08T11:54:35
================================================================================
[2026-06-08T11:55:34.939+0000] {manager.py:878} INFO - 
================================================================================
DAG File Processing Stats

File Path                             PID    Runtime      # DAGs    # Errors  Last Runtime    Last Run
------------------------------------  -----  ---------  --------  ----------  --------------  -------------------
/opt/airflow/dags/retail_pipeline.py                           1           0  2.67s           2026-06-08T11:55:08
================================================================================
[2026-06-08T11:56:05.189+0000] {manager.py:878} INFO - 
================================================================================
DAG File Processing Stats

File Path                             PID    Runtime      # DAGs    # Errors  Last Runtime    Last Run
------------------------------------  -----  ---------  --------  ----------  --------------  -------------------
/opt/airflow/dags/retail_pipeline.py                           1           0  2.70s           2026-06-08T11:55:41
================================================================================
[2026-06-08T11:56:31.727+0000] {manager.py:737} INFO - Searching for files in /opt/airflow/dags
[2026-06-08T11:56:31.780+0000] {manager.py:740} INFO - There are 1 files in /opt/airflow/dags
[2026-06-08T11:56:35.855+0000] {manager.py:878} INFO - 
================================================================================
DAG File Processing Stats

File Path                             PID    Runtime      # DAGs    # Errors  Last Runtime    Last Run
------------------------------------  -----  ---------  --------  ----------  --------------  -------------------
/opt/airflow/dags/retail_pipeline.py                           1           0  2.37s           2026-06-08T11:56:13
================================================================================
[2026-06-08T11:57:06.119+0000] {manager.py:878} INFO - 
================================================================================
DAG File Processing Stats

File Path                             PID    Runtime      # DAGs    # Errors  Last Runtime    Last Run
------------------------------------  -----  ---------  --------  ----------  --------------  -------------------
/opt/airflow/dags/retail_pipeline.py                           1           0  2.86s           2026-06-08T11:56:47
================================================================================
[2026-06-08T11:57:36.530+0000] {manager.py:878} INFO - 
================================================================================
DAG File Processing Stats

File Path                             PID    Runtime      # DAGs    # Errors  Last Runtime    Last Run
------------------------------------  -----  ---------  --------  ----------  --------------  -------------------
/opt/airflow/dags/retail_pipeline.py                           1           0  2.21s           2026-06-08T11:57:19
================================================================================
[2026-06-08T11:58:06.916+0000] {manager.py:878} INFO - 
================================================================================
DAG File Processing Stats

File Path                             PID    Runtime      # DAGs    # Errors  Last Runtime    Last Run
------------------------------------  -----  ---------  --------  ----------  --------------  -------------------
/opt/airflow/dags/retail_pipeline.py                           1           0  2.30s           2026-06-08T11:57:51
================================================================================
[2026-06-08T11:58:37.392+0000] {manager.py:878} INFO - 
================================================================================
DAG File Processing Stats

File Path                             PID    Runtime      # DAGs    # Errors  Last Runtime    Last Run
------------------------------------  -----  ---------  --------  ----------  --------------  -------------------
/opt/airflow/dags/retail_pipeline.py                           1           0  2.24s           2026-06-08T11:58:24
================================================================================
[2026-06-08T11:59:07.733+0000] {manager.py:878} INFO - 
================================================================================
DAG File Processing Stats

File Path                             PID    Runtime      # DAGs    # Errors  Last Runtime    Last Run
------------------------------------  -----  ---------  --------  ----------  --------------  -------------------
/opt/airflow/dags/retail_pipeline.py                           1           0  2.26s           2026-06-08T11:58:56
================================================================================
[2026-06-08T11:59:38.224+0000] {manager.py:878} INFO - 
================================================================================
DAG File Processing Stats

File Path                             PID    Runtime      # DAGs    # Errors  Last Runtime    Last Run
------------------------------------  -----  ---------  --------  ----------  --------------  -------------------
/opt/airflow/dags/retail_pipeline.py                           1           0  2.38s           2026-06-08T11:59:29
================================================================================
[2026-06-08T12:00:08.497+0000] {manager.py:878} INFO - 
================================================================================
DAG File Processing Stats

File Path                             PID    Runtime      # DAGs    # Errors  Last Runtime    Last Run
------------------------------------  -----  ---------  --------  ----------  --------------  -------------------
/opt/airflow/dags/retail_pipeline.py                           1           0  2.19s           2026-06-08T12:00:01
================================================================================
[2026-06-08T12:00:38.609+0000] {manager.py:878} INFO - 
================================================================================
DAG File Processing Stats

File Path                             PID    Runtime      # DAGs    # Errors  Last Runtime    Last Run
------------------------------------  -----  ---------  --------  ----------  --------------  -------------------
/opt/airflow/dags/retail_pipeline.py                           1           0  2.84s           2026-06-08T12:00:34
================================================================================
[2026-06-08T12:01:09.123+0000] {manager.py:878} INFO - 
================================================================================
DAG File Processing Stats

File Path                             PID    Runtime      # DAGs    # Errors  Last Runtime    Last Run
------------------------------------  -----  ---------  --------  ----------  --------------  -------------------
/opt/airflow/dags/retail_pipeline.py                           1           0  2.44s           2026-06-08T12:01:07
================================================================================
[2026-06-08T12:01:32.357+0000] {manager.py:737} INFO - Searching for files in /opt/airflow/dags
[2026-06-08T12:01:32.402+0000] {manager.py:740} INFO - There are 1 files in /opt/airflow/dags
[2026-06-08T12:01:39.494+0000] {manager.py:878} INFO - 
================================================================================
DAG File Processing Stats

File Path                               PID  Runtime      # DAGs    # Errors  Last Runtime    Last Run
------------------------------------  -----  ---------  --------  ----------  --------------  -------------------
/opt/airflow/dags/retail_pipeline.py    364  2.02s             1           0  2.44s           2026-06-08T12:01:07
================================================================================
[2026-06-08T12:02:09.818+0000] {manager.py:878} INFO - 
================================================================================
DAG File Processing Stats

File Path                             PID    Runtime      # DAGs    # Errors  Last Runtime    Last Run
------------------------------------  -----  ---------  --------  ----------  --------------  -------------------
/opt/airflow/dags/retail_pipeline.py                           1           0  2.63s           2026-06-08T12:01:40
================================================================================
[2026-06-08T12:02:40.051+0000] {manager.py:878} INFO - 
================================================================================
DAG File Processing Stats

File Path                             PID    Runtime      # DAGs    # Errors  Last Runtime    Last Run
------------------------------------  -----  ---------  --------  ----------  --------------  -------------------
/opt/airflow/dags/retail_pipeline.py                           1           0  2.40s           2026-06-08T12:02:12
================================================================================
[2026-06-08T12:03:10.321+0000] {manager.py:878} INFO - 
================================================================================
DAG File Processing Stats

File Path                             PID    Runtime      # DAGs    # Errors  Last Runtime    Last Run
------------------------------------  -----  ---------  --------  ----------  --------------  -------------------
/opt/airflow/dags/retail_pipeline.py                           1           0  2.39s           2026-06-08T12:02:45
================================================================================
[2026-06-08T12:03:40.450+0000] {manager.py:878} INFO - 
================================================================================
DAG File Processing Stats

File Path                             PID    Runtime      # DAGs    # Errors  Last Runtime    Last Run
------------------------------------  -----  ---------  --------  ----------  --------------  -------------------
/opt/airflow/dags/retail_pipeline.py                           1           0  2.51s           2026-06-08T12:03:18
================================================================================
[2026-06-08T12:04:10.756+0000] {manager.py:878} INFO - 
================================================================================
DAG File Processing Stats

File Path                             PID    Runtime      # DAGs    # Errors  Last Runtime    Last Run
------------------------------------  -----  ---------  --------  ----------  --------------  -------------------
/opt/airflow/dags/retail_pipeline.py                           1           0  2.38s           2026-06-08T12:03:50
================================================================================
[2026-06-08T12:04:41.391+0000] {manager.py:878} INFO - 
================================================================================
DAG File Processing Stats

File Path                             PID    Runtime      # DAGs    # Errors  Last Runtime    Last Run
------------------------------------  -----  ---------  --------  ----------  --------------  -------------------
/opt/airflow/dags/retail_pipeline.py                           1           0  2.20s           2026-06-08T12:04:23
================================================================================
[2026-06-08T12:05:11.822+0000] {manager.py:878} INFO - 
================================================================================
DAG File Processing Stats

File Path                             PID    Runtime      # DAGs    # Errors  Last Runtime    Last Run
------------------------------------  -----  ---------  --------  ----------  --------------  -------------------
/opt/airflow/dags/retail_pipeline.py                           1           0  2.35s           2026-06-08T12:04:55
================================================================================
[2026-06-08T12:05:42.117+0000] {manager.py:878} INFO - 
================================================================================
DAG File Processing Stats

File Path                             PID    Runtime      # DAGs    # Errors  Last Runtime    Last Run
------------------------------------  -----  ---------  --------  ----------  --------------  -------------------
/opt/airflow/dags/retail_pipeline.py                           1           0  4.05s           2026-06-08T12:05:30
================================================================================
[2026-06-08T12:06:12.433+0000] {manager.py:878} INFO - 
================================================================================
DAG File Processing Stats

File Path                             PID    Runtime      # DAGs    # Errors  Last Runtime    Last Run
------------------------------------  -----  ---------  --------  ----------  --------------  -------------------
/opt/airflow/dags/retail_pipeline.py                           1           0  4.15s           2026-06-08T12:06:04
================================================================================
[2026-06-08T12:06:32.593+0000] {manager.py:737} INFO - Searching for files in /opt/airflow/dags
[2026-06-08T12:06:32.648+0000] {manager.py:740} INFO - There are 1 files in /opt/airflow/dags
[2026-06-08T12:06:42.794+0000] {manager.py:878} INFO - 
================================================================================
DAG File Processing Stats

File Path                             PID    Runtime      # DAGs    # Errors  Last Runtime    Last Run
------------------------------------  -----  ---------  --------  ----------  --------------  -------------------
/opt/airflow/dags/retail_pipeline.py                           1           0  3.32s           2026-06-08T12:06:38
================================================================================
[2026-06-08T12:07:13.056+0000] {manager.py:878} INFO - 
================================================================================
DAG File Processing Stats

File Path                             PID    Runtime      # DAGs    # Errors  Last Runtime    Last Run
------------------------------------  -----  ---------  --------  ----------  --------------  -------------------
/opt/airflow/dags/retail_pipeline.py                           1           0  2.75s           2026-06-08T12:07:11
================================================================================
[2026-06-08T12:07:43.363+0000] {manager.py:878} INFO - 
================================================================================
DAG File Processing Stats

File Path                               PID  Runtime      # DAGs    # Errors  Last Runtime    Last Run
------------------------------------  -----  ---------  --------  ----------  --------------  -------------------
/opt/airflow/dags/retail_pipeline.py    441  2.02s             1           0  2.75s           2026-06-08T12:07:11
================================================================================
[2026-06-08T12:08:13.519+0000] {manager.py:878} INFO - 
================================================================================
DAG File Processing Stats

File Path                             PID    Runtime      # DAGs    # Errors  Last Runtime    Last Run
------------------------------------  -----  ---------  --------  ----------  --------------  -------------------
/opt/airflow/dags/retail_pipeline.py                           1           0  2.95s           2026-06-08T12:07:44
================================================================================
[2026-06-08T12:08:43.678+0000] {manager.py:878} INFO - 
================================================================================
DAG File Processing Stats

File Path                             PID    Runtime      # DAGs    # Errors  Last Runtime    Last Run
------------------------------------  -----  ---------  --------  ----------  --------------  -------------------
/opt/airflow/dags/retail_pipeline.py                           1           0  2.86s           2026-06-08T12:08:17
================================================================================
[2026-06-08T12:09:14.384+0000] {manager.py:878} INFO - 
================================================================================
DAG File Processing Stats

File Path                             PID    Runtime      # DAGs    # Errors  Last Runtime    Last Run
------------------------------------  -----  ---------  --------  ----------  --------------  -------------------
/opt/airflow/dags/retail_pipeline.py                           1           0  2.77s           2026-06-08T12:08:50
================================================================================
[2026-06-08T12:09:44.535+0000] {manager.py:878} INFO - 
================================================================================
DAG File Processing Stats

File Path                             PID    Runtime      # DAGs    # Errors  Last Runtime    Last Run
------------------------------------  -----  ---------  --------  ----------  --------------  -------------------
/opt/airflow/dags/retail_pipeline.py                           1           0  2.62s           2026-06-08T12:09:23
================================================================================
[2026-06-08T12:10:15.175+0000] {manager.py:878} INFO - 
================================================================================
DAG File Processing Stats

File Path                             PID    Runtime      # DAGs    # Errors  Last Runtime    Last Run
------------------------------------  -----  ---------  --------  ----------  --------------  -------------------
/opt/airflow/dags/retail_pipeline.py                           1           0  2.48s           2026-06-08T12:09:56
================================================================================
[2026-06-08T12:10:45.675+0000] {manager.py:878} INFO - 
================================================================================
DAG File Processing Stats

File Path                             PID    Runtime      # DAGs    # Errors  Last Runtime    Last Run
------------------------------------  -----  ---------  --------  ----------  --------------  -------------------
/opt/airflow/dags/retail_pipeline.py                           1           0  2.59s           2026-06-08T12:10:28
================================================================================
[2026-06-08T12:11:15.920+0000] {manager.py:878} INFO - 
================================================================================
DAG File Processing Stats

File Path                             PID    Runtime      # DAGs    # Errors  Last Runtime    Last Run
------------------------------------  -----  ---------  --------  ----------  --------------  -------------------
/opt/airflow/dags/retail_pipeline.py                           1           0  2.87s           2026-06-08T12:11:02
================================================================================
[2026-06-08T12:11:33.080+0000] {manager.py:737} INFO - Searching for files in /opt/airflow/dags
[2026-06-08T12:11:33.130+0000] {manager.py:740} INFO - There are 1 files in /opt/airflow/dags
[2026-06-08T12:11:46.283+0000] {manager.py:878} INFO - 
================================================================================
DAG File Processing Stats

File Path                             PID    Runtime      # DAGs    # Errors  Last Runtime    Last Run
------------------------------------  -----  ---------  --------  ----------  --------------  -------------------
/opt/airflow/dags/retail_pipeline.py                           1           0  3.00s           2026-06-08T12:11:35
================================================================================
[2026-06-08T12:12:16.742+0000] {manager.py:878} INFO - 
================================================================================
DAG File Processing Stats

File Path                             PID    Runtime      # DAGs    # Errors  Last Runtime    Last Run
------------------------------------  -----  ---------  --------  ----------  --------------  -------------------
/opt/airflow/dags/retail_pipeline.py                           1           0  2.48s           2026-06-08T12:12:07
================================================================================
[2026-06-08T12:12:46.981+0000] {manager.py:878} INFO - 
================================================================================
DAG File Processing Stats

File Path                             PID    Runtime      # DAGs    # Errors  Last Runtime    Last Run
------------------------------------  -----  ---------  --------  ----------  --------------  -------------------
/opt/airflow/dags/retail_pipeline.py                           1           0  3.75s           2026-06-08T12:12:41
================================================================================
[2026-06-08T12:13:17.487+0000] {manager.py:878} INFO - 
================================================================================
DAG File Processing Stats

File Path                             PID    Runtime      # DAGs    # Errors  Last Runtime    Last Run
------------------------------------  -----  ---------  --------  ----------  --------------  -------------------
/opt/airflow/dags/retail_pipeline.py                           1           0  3.44s           2026-06-08T12:13:15
================================================================================
[2026-06-08T12:13:47.790+0000] {manager.py:878} INFO - 
================================================================================
DAG File Processing Stats

File Path                               PID  Runtime      # DAGs    # Errors  Last Runtime    Last Run
------------------------------------  -----  ---------  --------  ----------  --------------  -------------------
/opt/airflow/dags/retail_pipeline.py    518  2.03s             1           0  3.44s           2026-06-08T12:13:15
================================================================================
[2026-06-09T05:11:30.203+0000] {manager.py:470} INFO - Processing files using up to 2 processes at a time 
[2026-06-09T05:11:30.206+0000] {manager.py:471} INFO - Process each file at most once every 30 seconds
[2026-06-09T05:11:30.208+0000] {manager.py:472} INFO - Checking for new files in /opt/airflow/dags every 300 seconds
[2026-06-09T05:11:30.212+0000] {manager.py:737} INFO - Searching for files in /opt/airflow/dags
[2026-06-09T05:11:30.283+0000] {manager.py:740} INFO - There are 1 files in /opt/airflow/dags
[2026-06-09T05:11:30.657+0000] {manager.py:878} INFO - 
================================================================================
DAG File Processing Stats

File Path                               PID  Runtime      # DAGs    # Errors  Last Runtime    Last Run
------------------------------------  -----  ---------  --------  ----------  --------------  ----------
/opt/airflow/dags/retail_pipeline.py    218  0.16s             0           0
================================================================================
[2026-06-09T05:12:00.857+0000] {manager.py:878} INFO - 
================================================================================
DAG File Processing Stats

File Path                             PID    Runtime      # DAGs    # Errors  Last Runtime    Last Run
------------------------------------  -----  ---------  --------  ----------  --------------  -------------------
/opt/airflow/dags/retail_pipeline.py                           1           0  5.59s           2026-06-09T05:11:36
================================================================================
[2026-06-09T05:12:30.988+0000] {manager.py:878} INFO - 
================================================================================
DAG File Processing Stats

File Path                             PID    Runtime      # DAGs    # Errors  Last Runtime    Last Run
------------------------------------  -----  ---------  --------  ----------  --------------  -------------------
/opt/airflow/dags/retail_pipeline.py                           1           0  3.57s           2026-06-09T05:12:09
================================================================================
[2026-06-09T05:13:01.648+0000] {manager.py:878} INFO - 
================================================================================
DAG File Processing Stats

File Path                             PID    Runtime      # DAGs    # Errors  Last Runtime    Last Run
------------------------------------  -----  ---------  --------  ----------  --------------  -------------------
/opt/airflow/dags/retail_pipeline.py                           1           0  2.48s           2026-06-09T05:12:42
================================================================================
[2026-06-09T05:13:31.880+0000] {manager.py:878} INFO - 
================================================================================
DAG File Processing Stats

File Path                             PID    Runtime      # DAGs    # Errors  Last Runtime    Last Run
------------------------------------  -----  ---------  --------  ----------  --------------  -------------------
/opt/airflow/dags/retail_pipeline.py                           1           0  2.60s           2026-06-09T05:13:15
================================================================================
[2026-06-09T05:14:02.085+0000] {manager.py:878} INFO - 
================================================================================
DAG File Processing Stats

File Path                             PID    Runtime      # DAGs    # Errors  Last Runtime    Last Run
------------------------------------  -----  ---------  --------  ----------  --------------  -------------------
/opt/airflow/dags/retail_pipeline.py                           1           0  2.58s           2026-06-09T05:13:48
================================================================================
[2026-06-09T05:14:32.456+0000] {manager.py:878} INFO - 
================================================================================
DAG File Processing Stats

File Path                             PID    Runtime      # DAGs    # Errors  Last Runtime    Last Run
------------------------------------  -----  ---------  --------  ----------  --------------  -------------------
/opt/airflow/dags/retail_pipeline.py                           1           0  3.73s           2026-06-09T05:14:21
================================================================================
[2026-06-09T05:15:02.744+0000] {manager.py:878} INFO - 
================================================================================
DAG File Processing Stats

File Path                             PID    Runtime      # DAGs    # Errors  Last Runtime    Last Run
------------------------------------  -----  ---------  --------  ----------  --------------  -------------------
/opt/airflow/dags/retail_pipeline.py                           1           0  2.84s           2026-06-09T05:14:55
================================================================================
[2026-06-09T05:15:32.810+0000] {manager.py:878} INFO - 
================================================================================
DAG File Processing Stats

File Path                             PID    Runtime      # DAGs    # Errors  Last Runtime    Last Run
------------------------------------  -----  ---------  --------  ----------  --------------  -------------------
/opt/airflow/dags/retail_pipeline.py                           1           0  3.37s           2026-06-09T05:15:28
================================================================================
[2026-06-09T05:16:03.329+0000] {manager.py:878} INFO - 
================================================================================
DAG File Processing Stats

File Path                               PID  Runtime      # DAGs    # Errors  Last Runtime    Last Run
------------------------------------  -----  ---------  --------  ----------  --------------  -------------------
/opt/airflow/dags/retail_pipeline.py    274  4.06s             1           0  3.37s           2026-06-09T05:15:28
================================================================================
[2026-06-09T05:16:30.433+0000] {manager.py:737} INFO - Searching for files in /opt/airflow/dags
[2026-06-09T05:16:30.795+0000] {manager.py:740} INFO - There are 1 files in /opt/airflow/dags
[2026-06-09T05:16:35.204+0000] {manager.py:878} INFO - 
================================================================================
DAG File Processing Stats

File Path                               PID  Runtime      # DAGs    # Errors  Last Runtime    Last Run
------------------------------------  -----  ---------  --------  ----------  --------------  -------------------
/opt/airflow/dags/retail_pipeline.py    281  0.58s             1           0  4.53s           2026-06-09T05:16:03
================================================================================
[2026-06-09T05:17:05.253+0000] {manager.py:878} INFO - 
================================================================================
DAG File Processing Stats

File Path                             PID    Runtime      # DAGs    # Errors  Last Runtime    Last Run
------------------------------------  -----  ---------  --------  ----------  --------------  -------------------
/opt/airflow/dags/retail_pipeline.py                           1           0  12.41s          2026-06-09T05:16:47
================================================================================
[2026-06-09T05:17:35.888+0000] {manager.py:878} INFO - 
================================================================================
DAG File Processing Stats

File Path                             PID    Runtime      # DAGs    # Errors  Last Runtime    Last Run
------------------------------------  -----  ---------  --------  ----------  --------------  -------------------
/opt/airflow/dags/retail_pipeline.py                           1           0  9.44s           2026-06-09T05:17:26
================================================================================
[2026-06-09T05:18:06.180+0000] {manager.py:878} INFO - 
================================================================================
DAG File Processing Stats

File Path                             PID    Runtime      # DAGs    # Errors  Last Runtime    Last Run
------------------------------------  -----  ---------  --------  ----------  --------------  -------------------
/opt/airflow/dags/retail_pipeline.py                           1           0  3.65s           2026-06-09T05:18:00
================================================================================
[2026-06-09T05:18:36.379+0000] {manager.py:878} INFO - 
================================================================================
DAG File Processing Stats

File Path                             PID    Runtime      # DAGs    # Errors  Last Runtime    Last Run
------------------------------------  -----  ---------  --------  ----------  --------------  -------------------
/opt/airflow/dags/retail_pipeline.py                           1           0  3.48s           2026-06-09T05:18:34
================================================================================
[2026-06-09T05:19:06.722+0000] {manager.py:878} INFO - 
================================================================================
DAG File Processing Stats

File Path                               PID  Runtime      # DAGs    # Errors  Last Runtime    Last Run
------------------------------------  -----  ---------  --------  ----------  --------------  -------------------
/opt/airflow/dags/retail_pipeline.py    309  2.05s             1           0  3.48s           2026-06-09T05:18:34
================================================================================
[2026-06-09T05:19:37.500+0000] {manager.py:878} INFO - 
================================================================================
DAG File Processing Stats

File Path                             PID    Runtime      # DAGs    # Errors  Last Runtime    Last Run
------------------------------------  -----  ---------  --------  ----------  --------------  -------------------
/opt/airflow/dags/retail_pipeline.py                           1           0  4.88s           2026-06-09T05:19:09
================================================================================
[2026-06-09T05:20:07.806+0000] {manager.py:878} INFO - 
================================================================================
DAG File Processing Stats

File Path                             PID    Runtime      # DAGs    # Errors  Last Runtime    Last Run
------------------------------------  -----  ---------  --------  ----------  --------------  -------------------
/opt/airflow/dags/retail_pipeline.py                           1           0  17.14s          2026-06-09T05:19:56
================================================================================
[2026-06-09T05:20:38.485+0000] {manager.py:878} INFO - 
================================================================================
DAG File Processing Stats

File Path                               PID  Runtime      # DAGs    # Errors  Last Runtime    Last Run
------------------------------------  -----  ---------  --------  ----------  --------------  -------------------
/opt/airflow/dags/retail_pipeline.py    323  9.95s             1           0  17.14s          2026-06-09T05:19:56
================================================================================
[2026-06-09T05:21:09.066+0000] {manager.py:878} INFO - 
================================================================================
DAG File Processing Stats

File Path                             PID    Runtime      # DAGs    # Errors  Last Runtime    Last Run
------------------------------------  -----  ---------  --------  ----------  --------------  -------------------
/opt/airflow/dags/retail_pipeline.py                           1           0  24.14s          2026-06-09T05:20:52
================================================================================
[2026-06-09T05:21:30.655+0000] {manager.py:737} INFO - Searching for files in /opt/airflow/dags
[2026-06-09T05:21:31.175+0000] {manager.py:740} INFO - There are 1 files in /opt/airflow/dags
[2026-06-09T05:21:40.109+0000] {manager.py:878} INFO - 
================================================================================
DAG File Processing Stats

File Path                               PID  Runtime      # DAGs    # Errors  Last Runtime    Last Run
------------------------------------  -----  ---------  --------  ----------  --------------  -------------------
/opt/airflow/dags/retail_pipeline.py    330  16.11s            1           0  24.14s          2026-06-09T05:20:52
================================================================================
[2026-06-09T05:22:10.389+0000] {manager.py:878} INFO - 
================================================================================
DAG File Processing Stats

File Path                             PID    Runtime      # DAGs    # Errors  Last Runtime    Last Run
------------------------------------  -----  ---------  --------  ----------  --------------  -------------------
/opt/airflow/dags/retail_pipeline.py                           1           0  27.13s          2026-06-09T05:21:50
================================================================================
[2026-06-09T05:22:40.615+0000] {manager.py:878} INFO - 
================================================================================
DAG File Processing Stats

File Path                             PID    Runtime      # DAGs    # Errors  Last Runtime    Last Run
------------------------------------  -----  ---------  --------  ----------  --------------  -------------------
/opt/airflow/dags/retail_pipeline.py                           1           0  5.78s           2026-06-09T05:22:27
================================================================================
[2026-06-09T05:23:10.845+0000] {manager.py:878} INFO - 
================================================================================
DAG File Processing Stats

File Path                             PID    Runtime      # DAGs    # Errors  Last Runtime    Last Run
------------------------------------  -----  ---------  --------  ----------  --------------  -------------------
/opt/airflow/dags/retail_pipeline.py                           1           0  3.51s           2026-06-09T05:23:00
================================================================================
[2026-06-09T05:23:41.226+0000] {manager.py:878} INFO - 
================================================================================
DAG File Processing Stats

File Path                               PID  Runtime      # DAGs    # Errors  Last Runtime    Last Run
------------------------------------  -----  ---------  --------  ----------  --------------  -------------------
/opt/airflow/dags/retail_pipeline.py    351  9.30s             1           0  3.51s           2026-06-09T05:23:00
================================================================================
[2026-06-09T05:24:12.250+0000] {manager.py:878} INFO - 
================================================================================
DAG File Processing Stats

File Path                             PID    Runtime      # DAGs    # Errors  Last Runtime    Last Run
------------------------------------  -----  ---------  --------  ----------  --------------  -------------------
/opt/airflow/dags/retail_pipeline.py                           1           0  19.50s          2026-06-09T05:23:51
================================================================================
[2026-06-09T05:24:42.366+0000] {manager.py:878} INFO - 
================================================================================
DAG File Processing Stats

File Path                             PID    Runtime      # DAGs    # Errors  Last Runtime    Last Run
------------------------------------  -----  ---------  --------  ----------  --------------  -------------------
/opt/airflow/dags/retail_pipeline.py                           1           0  12.64s          2026-06-09T05:24:34
================================================================================
[2026-06-09T05:25:13.036+0000] {manager.py:878} INFO - 
================================================================================
DAG File Processing Stats

File Path                               PID  Runtime      # DAGs    # Errors  Last Runtime    Last Run
------------------------------------  -----  ---------  --------  ----------  --------------  -------------------
/opt/airflow/dags/retail_pipeline.py    365  8.30s             1           0  12.64s          2026-06-09T05:24:34
================================================================================
[2026-06-09T05:25:43.261+0000] {manager.py:878} INFO - 
================================================================================
DAG File Processing Stats

File Path                             PID    Runtime      # DAGs    # Errors  Last Runtime    Last Run
------------------------------------  -----  ---------  --------  ----------  --------------  -------------------
/opt/airflow/dags/retail_pipeline.py                           1           0  14.85s          2026-06-09T05:25:19
================================================================================
[2026-06-09T05:26:13.279+0000] {manager.py:878} INFO - 
================================================================================
DAG File Processing Stats

File Path                             PID    Runtime      # DAGs    # Errors  Last Runtime    Last Run
------------------------------------  -----  ---------  --------  ----------  --------------  -------------------
/opt/airflow/dags/retail_pipeline.py                           1           0  9.29s           2026-06-09T05:25:59
================================================================================
[2026-06-09T05:26:30.867+0000] {manager.py:737} INFO - Searching for files in /opt/airflow/dags
[2026-06-09T05:26:31.056+0000] {manager.py:740} INFO - There are 1 files in /opt/airflow/dags
[2026-06-09T05:26:43.380+0000] {manager.py:878} INFO - 
================================================================================
DAG File Processing Stats

File Path                               PID  Runtime      # DAGs    # Errors  Last Runtime    Last Run
------------------------------------  -----  ---------  --------  ----------  --------------  -------------------
/opt/airflow/dags/retail_pipeline.py    379  13.54s            1           0  9.29s           2026-06-09T05:25:59
================================================================================
[2026-06-09T05:27:13.547+0000] {manager.py:878} INFO - 
================================================================================
DAG File Processing Stats

File Path                             PID    Runtime      # DAGs    # Errors  Last Runtime    Last Run
------------------------------------  -----  ---------  --------  ----------  --------------  -------------------
/opt/airflow/dags/retail_pipeline.py                           1           0  16.10s          2026-06-09T05:26:45
================================================================================
[2026-06-09T05:27:44.042+0000] {manager.py:878} INFO - 
================================================================================
DAG File Processing Stats

File Path                             PID    Runtime      # DAGs    # Errors  Last Runtime    Last Run
------------------------------------  -----  ---------  --------  ----------  --------------  -------------------
/opt/airflow/dags/retail_pipeline.py                           1           0  14.31s          2026-06-09T05:27:31
================================================================================
[2026-06-09T05:28:14.402+0000] {manager.py:878} INFO - 
================================================================================
DAG File Processing Stats

File Path                             PID    Runtime      # DAGs    # Errors  Last Runtime    Last Run
------------------------------------  -----  ---------  --------  ----------  --------------  -------------------
/opt/airflow/dags/retail_pipeline.py                           1           0  6.71s           2026-06-09T05:28:07
================================================================================
[2026-06-09T05:28:44.569+0000] {manager.py:878} INFO - 
================================================================================
DAG File Processing Stats

File Path                             PID    Runtime      # DAGs    # Errors  Last Runtime    Last Run
------------------------------------  -----  ---------  --------  ----------  --------------  -------------------
/opt/airflow/dags/retail_pipeline.py                           1           0  5.65s           2026-06-09T05:28:43
================================================================================
[2026-06-09T05:29:14.800+0000] {manager.py:878} INFO - 
================================================================================
DAG File Processing Stats

File Path                               PID  Runtime      # DAGs    # Errors  Last Runtime    Last Run
------------------------------------  -----  ---------  --------  ----------  --------------  -------------------
/opt/airflow/dags/retail_pipeline.py    407  0.80s             1           0  5.65s           2026-06-09T05:28:43
================================================================================
[2026-06-09T05:29:44.893+0000] {manager.py:878} INFO - 
================================================================================
DAG File Processing Stats

File Path                             PID    Runtime      # DAGs    # Errors  Last Runtime    Last Run
------------------------------------  -----  ---------  --------  ----------  --------------  -------------------
/opt/airflow/dags/retail_pipeline.py                           1           0  7.69s           2026-06-09T05:29:21
================================================================================
[2026-06-09T05:30:15.458+0000] {manager.py:878} INFO - 
================================================================================
DAG File Processing Stats

File Path                             PID    Runtime      # DAGs    # Errors  Last Runtime    Last Run
------------------------------------  -----  ---------  --------  ----------  --------------  -------------------
/opt/airflow/dags/retail_pipeline.py                           1           0  6.67s           2026-06-09T05:29:58
================================================================================
[2026-06-09T05:30:46.097+0000] {manager.py:878} INFO - 
================================================================================
DAG File Processing Stats

File Path                             PID    Runtime      # DAGs    # Errors  Last Runtime    Last Run
------------------------------------  -----  ---------  --------  ----------  --------------  -------------------
/opt/airflow/dags/retail_pipeline.py                           1           0  4.27s           2026-06-09T05:30:33
================================================================================
[2026-06-09T05:31:16.516+0000] {manager.py:878} INFO - 
================================================================================
DAG File Processing Stats

File Path                             PID    Runtime      # DAGs    # Errors  Last Runtime    Last Run
------------------------------------  -----  ---------  --------  ----------  --------------  -------------------
/opt/airflow/dags/retail_pipeline.py                           1           0  2.95s           2026-06-09T05:31:06
================================================================================
[2026-06-09T05:31:31.651+0000] {manager.py:737} INFO - Searching for files in /opt/airflow/dags
[2026-06-09T05:31:31.727+0000] {manager.py:740} INFO - There are 1 files in /opt/airflow/dags
[2026-06-09T05:31:46.878+0000] {manager.py:878} INFO - 
================================================================================
DAG File Processing Stats

File Path                             PID    Runtime      # DAGs    # Errors  Last Runtime    Last Run
------------------------------------  -----  ---------  --------  ----------  --------------  -------------------
/opt/airflow/dags/retail_pipeline.py                           1           0  2.58s           2026-06-09T05:31:39
================================================================================
[2026-06-09T05:32:16.971+0000] {manager.py:878} INFO - 
================================================================================
DAG File Processing Stats

File Path                             PID    Runtime      # DAGs    # Errors  Last Runtime    Last Run
------------------------------------  -----  ---------  --------  ----------  --------------  -------------------
/opt/airflow/dags/retail_pipeline.py                           1           0  2.27s           2026-06-09T05:32:11
================================================================================
[2026-06-09T05:32:47.187+0000] {manager.py:878} INFO - 
================================================================================
DAG File Processing Stats

File Path                             PID    Runtime      # DAGs    # Errors  Last Runtime    Last Run
------------------------------------  -----  ---------  --------  ----------  --------------  -------------------
/opt/airflow/dags/retail_pipeline.py                           1           0  2.62s           2026-06-09T05:32:44
================================================================================
[2026-06-09T05:33:17.386+0000] {manager.py:878} INFO - 
================================================================================
DAG File Processing Stats

File Path                               PID  Runtime      # DAGs    # Errors  Last Runtime    Last Run
------------------------------------  -----  ---------  --------  ----------  --------------  -------------------
/opt/airflow/dags/retail_pipeline.py    456  2.35s             1           0  2.62s           2026-06-09T05:32:44
================================================================================
[2026-06-09T05:33:47.647+0000] {manager.py:878} INFO - 
================================================================================
DAG File Processing Stats

File Path                             PID    Runtime      # DAGs    # Errors  Last Runtime    Last Run
------------------------------------  -----  ---------  --------  ----------  --------------  -------------------
/opt/airflow/dags/retail_pipeline.py                           1           0  2.65s           2026-06-09T05:33:17
================================================================================
[2026-06-09T05:34:17.916+0000] {manager.py:878} INFO - 
================================================================================
DAG File Processing Stats

File Path                             PID    Runtime      # DAGs    # Errors  Last Runtime    Last Run
------------------------------------  -----  ---------  --------  ----------  --------------  -------------------
/opt/airflow/dags/retail_pipeline.py                           1           0  4.99s           2026-06-09T05:33:52
================================================================================
[2026-06-09T05:34:48.291+0000] {manager.py:878} INFO - 
================================================================================
DAG File Processing Stats

File Path                             PID    Runtime      # DAGs    # Errors  Last Runtime    Last Run
------------------------------------  -----  ---------  --------  ----------  --------------  -------------------
/opt/airflow/dags/retail_pipeline.py                           1           0  2.63s           2026-06-09T05:34:25
================================================================================
